{
  "Acetona": [
      0.444674,
      0.483092,
      0.444674,
      0.408492,
      0.483092,
      0.483092,
      0.483092,
      0.444674,
      0.444674,
      0.483092,
      0.483092,
      0.483092,
      0.483092,
      0.444674,
      0.483092,
      0.408492,
      0.483092,
      0.444674,
      0.483092,
      0.483092,
      0.483092
  ],
  "CO": [
      3.724203,
      4.10288,
      3.724203,
      3.372571,
      4.10288,
      4.10288,
      4.10288,
      3.724203,
      3.724203,
      4.10288,
      4.10288,
      4.10288,
      4.10288,
      3.724203,
      4.10288,
      3.372571,
      4.10288,
      3.724203,
      4.10288,
      4.10288,
      4.10288
  ],
  "CO2": [
      402.7294,
      402.9285,
      402.7294,
      402.5396,
      402.9285,
      402.9285,
      402.9285,
      402.7294,
      402.7294,
      402.9285,
      402.9285,
      402.9285,
      402.9285,
      402.7294,
      402.9285,
      402.5396,
      402.9285,
      402.7294,
      402.9285,
      402.9285,
      402.9285
  ],
  "DateTime": [
      "2022-3-23 18:08:42",
      "2022-3-23 18:09:16",
      "2022-3-23 18:09:50",
      "2022-3-23 18:10:23",
      "2022-3-23 18:10:56",
      "2022-3-23 18:11:29",
      "2022-3-23 18:12:03",
      "2022-3-23 18:12:36",
      "2022-3-23 18:13:09",
      "2022-3-23 18:13:42",
      "2022-3-23 18:14:16",
      "2022-3-23 18:14:49",
      "2022-3-23 18:15:22",
      "2022-3-23 18:15:56",
      "2022-3-23 18:16:30",
      "2022-3-23 18:17:03",
      "2022-3-23 18:17:37",
      "2022-3-23 18:18:10",
      "2022-3-23 18:18:43",
      "2022-3-23 18:19:16",
      "2022-3-23 18:19:50"
  ],
  "Humidity in Percent": [
      40,
      40,
      40,
      40,
      40,
      39,
      39,
      39,
      42,
      41,
      42,
      41,
      42,
      41,
      41,
      41,
      41,
      42,
      41,
      41,
      41
  ],
  "NH4": [
      4.175607,
      4.43748,
      4.175607,
      3.923413,
      4.43748,
      4.43748,
      4.43748,
      4.175607,
      4.175607,
      4.43748,
      4.43748,
      4.43748,
      4.43748,
      4.175607,
      4.43748,
      3.923413,
      4.43748,
      4.175607,
      4.43748,
      4.43748,
      4.43748
  ],
  "Temperature in Degree": [
      40,
      40,
      40,
      40,
      40,
      39,
      39,
      39,
      42,
      41,
      42,
      41,
      42,
      41,
      41,
      41,
      41,
      42,
      41,
      41,
      41
  ],
  "Tolueno": [
      0.52256,
      0.568769,
      0.52256,
      0.479122,
      0.568769,
      0.568769,
      0.568769,
      0.52256,
      0.52256,
      0.568769,
      0.568769,
      0.568769,
      0.568769,
      0.52256,
      0.568769,
      0.479122,
      0.568769,
      0.52256,
      0.568769,
      0.568769,
      0.568769
  ]
}