{"Acetona":0.463176,"CO":3.905905,"CO2":402.8256,"DateTime":"2022-3-23 16:50:44","Humidity in Percent":42,"NH4":4.30244,"Temperature in Degree":42,"Tolueno":0.544802}
{"Acetona":0.463176,"CO":3.905905,"CO2":402.8256,"DateTime":"2022-3-23 16:51:03","Humidity in Percent":42,"NH4":4.30244,"Temperature in Degree":42,"Tolueno":0.544802}
{"Acetona":0.463176,"CO":3.905905,"CO2":402.8256,"DateTime":"2022-3-23 16:51:21","Humidity in Percent":42,"NH4":4.30244,"Temperature in Degree":42,"Tolueno":0.544802}
{"Acetona":0.463176,"CO":3.905905,"CO2":402.8256,"DateTime":"2022-3-23 16:51:39","Humidity in Percent":42,"NH4":4.30244,"Temperature in Degree":42,"Tolueno":0.544802}
{"Acetona":0.463176,"CO":3.905905,"CO2":402.8256,"DateTime":"2022-3-23 16:51:58","Humidity in Percent":42,"NH4":4.30244,"Temperature in Degree":42,"Tolueno":0.544802}
{"Acetona":0.463176,"CO":3.905905,"CO2":402.8256,"DateTime":"2022-3-23 16:52:16","Humidity in Percent":42,"NH4":4.30244,"Temperature in Degree":42,"Tolueno":0.544802}
{"Acetona":0.463176,"CO":3.905905,"CO2":402.8256,"DateTime":"2022-3-23 16:52:34","Humidity in Percent":42,"NH4":4.30244,"Temperature in Degree":42,"Tolueno":0.544802}
{"Acetona":0.463176,"CO":3.905905,"CO2":402.8256,"DateTime":"2022-3-23 16:52:52","Humidity in Percent":41,"NH4":4.30244,"Temperature in Degree":41,"Tolueno":0.544802}
{"Acetona":0.463176,"CO":3.905905,"CO2":402.8256,"DateTime":"2022-3-23 16:53:11","Humidity in Percent":41,"NH4":4.30244,"Temperature in Degree":41,"Tolueno":0.544802}
{"Acetona":0.435158,"CO":3.631235,"CO2":402.6797,"DateTime":"2022-3-23 16:53:29","Humidity in Percent":42,"NH4":4.109824,"Temperature in Degree":42,"Tolueno":0.511127}
{"Acetona":0.463176,"CO":3.905905,"CO2":402.8256,"DateTime":"2022-3-23 16:53:47","Humidity in Percent":41,"NH4":4.30244,"Temperature in Degree":41,"Tolueno":0.544802}
{"Acetona":0.463176,"CO":3.905905,"CO2":402.8256,"DateTime":"2022-3-23 16:54:07","Humidity in Percent":41,"NH4":4.30244,"Temperature in Degree":41,"Tolueno":0.544802}
{"Acetona":0.463176,"CO":3.905905,"CO2":402.8256,"DateTime":"2022-3-23 16:54:25","Humidity in Percent":41,"NH4":4.30244,"Temperature in Degree":41,"Tolueno":0.544802}
{"Acetona":0.463176,"CO":3.905905,"CO2":402.8256,"DateTime":"2022-3-23 16:54:45","Humidity in Percent":41,"NH4":4.30244,"Temperature in Degree":41,"Tolueno":0.544802}
{"Acetona":0.463176,"CO":3.905905,"CO2":402.8256,"DateTime":"2022-3-23 16:55:09","Humidity in Percent":41,"NH4":4.30244,"Temperature in Degree":41,"Tolueno":0.544802}
{"Acetona":0.463176,"CO":3.905905,"CO2":402.8256,"DateTime":"2022-3-23 16:55:28","Humidity in Percent":41,"NH4":4.30244,"Temperature in Degree":41,"Tolueno":0.544802}
{"Acetona":0.435158,"CO":3.631235,"CO2":402.6797,"DateTime":"2022-3-23 16:55:47","Humidity in Percent":41,"NH4":4.109824,"Temperature in Degree":41,"Tolueno":0.511127}
{"Acetona":0.435158,"CO":3.631235,"CO2":402.6797,"DateTime":"2022-3-23 16:56:05","Humidity in Percent":41,"NH4":4.109824,"Temperature in Degree":41,"Tolueno":0.511127}
{"Acetona":0.463176,"CO":3.905905,"CO2":402.8256,"DateTime":"2022-3-23 16:56:28","Humidity in Percent":41,"NH4":4.30244,"Temperature in Degree":41,"Tolueno":0.544802}
{"Acetona":0.435158,"CO":3.631235,"CO2":402.6797,"DateTime":"2022-3-23 16:56:46","Humidity in Percent":41,"NH4":4.109824,"Temperature in Degree":41,"Tolueno":0.511127}
{"Acetona":0.463176,"CO":3.905905,"CO2":402.8256,"DateTime":"2022-3-23 16:57:05","Humidity in Percent":41,"NH4":4.30244,"Temperature in Degree":41,"Tolueno":0.544802}
